<?xml version="1.0" encoding="UTF-8"?>
<actions>
    <action>
        <actionName>run.single.main</actionName>
        <packagings>
            <packaging>*</packaging>
        </packagings>
        <goals>
            <goal>process-classes</goal>
            <goal>org.codehaus.mojo:exec-maven-plugin:1.2.1:exec</goal>
        </goals>
        <properties>
            <exec.args>-classpath %classpath ${packageClassName}</exec.args>
            <exec.executable>java</exec.executable>
            <exec.classpathScope>${classPathScope}</exec.classpathScope>
            <skipTests>true</skipTests>
        </properties>
    </action>
</actions>
